<BackupInst xmlns="http://www.microsoft.com/GroupPolicy/GPOOperations/Manifest"><GPOGuid><![CDATA[{088FA587-DD18-428F-98BF-7DE0201B9D95}]]></GPOGuid><GPODomain><![CDATA[nagau1.lab]]></GPODomain><GPODomainGuid><![CDATA[{abeec03c-a21f-4953-9ef8-e70444beffa8}]]></GPODomainGuid><GPODomainController><![CDATA[nagau089848VM.nagau1.lab]]></GPODomainController><BackupTime><![CDATA[2017-05-01T15:01:30]]></BackupTime><ID><![CDATA[{4F812C8E-CD60-498D-8ED3-67041A438523}]]></ID><Comment><![CDATA[Security Monitoring GPO]]></Comment><GPODisplayName><![CDATA[Security Monitoring GPO V3]]></GPODisplayName></BackupInst>
